ABC,MCMC,SMC
0.742391,0.430102,0.368805
0.468253,0.426361,0.369099
0.215475,0.424324,0.376507
0.37175,0.423017,0.343624
0.22063,0.420252,0.338409
0.454183,0.430585,0.366395
0.427347,0.426766,0.327231
0.291859,0.429589,0.368414
0.201466,0.427121,0.368559
0.223911,0.427145,0.368711
0.362398,0.424796,0.345658
0.20919,0.423485,0.33908
0.445138,0.426953,0.369782
0.211788,0.427847,0.364281
0.325074,0.422582,0.339235
0.380415,0.425797,0.383873
0.233546,0.424919,0.372604
0.327988,0.423012,0.337231
0.23582,0.42385,0.329679
0.328757,0.42736,0.334089
0.214673,0.423509,0.343371
0.589502,0.421921,0.325276
0.367163,0.429471,0.376603
0.203467,0.424469,0.364917
0.385531,0.424107,0.334116
0.270169,0.424954,0.339329
0.456952,0.453485,0.330506
0.224019,0.453293,0.331987
0.34829,0.425226,0.345352
0.984372,0.43183,0.337552
0.496735,0.423858,0.330014
0.324024,0.425491,0.352395
0.338764,0.428808,0.369347
0.19933,0.426705,0.373621
0.458039,0.426586,0.334846
0.538178,0.425599,0.33
0.661402,0.426051,0.344486
0.286567,0.43116,0.36895
0.366269,0.423958,0.344635
0.259638,0.423246,0.331656
0.471087,0.45287,0.340842
0.377545,0.427461,0.335447
0.340053,0.43507,0.381368
0.393929,0.423601,0.42549
0.351985,0.427681,0.368133
0.305734,0.453158,0.328775
0.264722,0.424724,0.330363
0.34737,0.426393,0.348188
0.355527,0.426951,0.384105
0.492717,0.425439,0.366689
0.213166,0.426543,0.366597
0.201739,0.427604,0.365275
0.221763,0.425161,0.376791
0.237248,0.452993,0.339556
0.31443,0.420638,0.331899
0.556413,0.424168,0.326067
1.38846,0.425789,0.339614
4.41213,0.427637,0.337407
0.783317,0.457929,0.334802
0.392993,0.427324,0.331115
0.254197,0.42802,0.330013
0.2201,0.42566,0.334504
0.433226,0.453619,0.331237
0.373431,0.423402,0.33629
0.382402,0.427068,0.366098
0.308263,0.453824,0.333657
0.214435,0.447949,0.334023
0.38688,0.435542,0.350758
0.474581,0.424737,0.330352
0.24825,0.422313,0.336193
0.228095,0.424735,0.334519
0.252709,0.421989,0.34277
0.203456,0.421081,0.336568
0.449029,0.455036,0.333871
0.287732,0.421898,0.333323
0.239881,0.423581,0.326846
0.420784,0.430361,0.370273
0.270531,0.453945,0.335098
0.351531,0.425804,0.340268
0.26241,0.424466,0.329259
0.294971,0.426767,0.375322
0.245592,0.426428,0.367744
0.250391,0.456369,0.335343
0.316913,0.424555,0.327032
0.213078,0.42435,0.327286
0.352036,0.429925,0.337368
0.301231,0.430104,0.369006
0.255891,0.43089,0.405073
0.241354,0.426048,0.365406
0.299862,0.425789,0.328249
0.284604,0.42199,0.328937
0.261833,0.425804,0.340494
0.218773,0.423671,0.34158
0.323436,0.447807,0.335004
0.462774,0.426123,0.333031
0.222987,0.419217,0.342404
0.262236,0.428996,0.332788
0.347432,0.427871,0.368293
0.451297,0.426337,0.350438
0.222802,0.422716,0.344597
0.369191,0.42935,0.365589
2.03888,0.431013,0.378056
0.398776,0.42526,0.328429
0.299113,0.429542,0.339017
0.237286,0.424987,0.33672
0.306559,0.429796,0.367666
0.251304,0.428429,0.374325
0.938152,0.430558,0.37782
0.219285,0.427768,0.378425
0.242079,0.452291,0.329627
0.254501,0.421776,0.418856
0.55572,0.455122,0.334054
0.273518,0.423292,0.333937
0.295819,0.428944,0.332238
0.791249,0.460962,0.340573
0.350865,0.422526,0.351978
0.523832,0.425261,0.348115
0.295029,0.424533,0.338872
0.230106,0.424619,0.329275
0.234422,0.425532,0.34225
0.265324,0.425944,0.336018
0.699848,0.429955,0.368064
0.233152,0.457154,0.332308
5.638908,0.430064,0.342485
0.426778,0.457157,0.330552
0.305717,0.428101,0.335026
0.230033,0.422532,0.333255
0.211144,0.423711,0.33476
0.255888,0.424271,0.331195
0.577812,0.455828,0.385095
0.395257,0.425458,0.346328
0.248204,0.429714,0.368359
0.390764,0.424361,0.326574
0.282903,0.422996,0.332011
0.22804,0.421162,0.33577
0.275329,0.426736,0.333091
0.675946,0.440873,0.372334
0.548781,0.426706,0.335206
0.389323,0.459081,0.328455
0.259133,0.423899,0.33775
0.30309,0.424471,0.332369
0.232867,0.42602,0.333803
0.240227,0.426978,0.333886
0.281939,0.432516,0.330769
0.261357,0.430399,0.333116
0.609276,0.432364,0.343661
1.438464,0.430983,0.368826
2.111714,0.460193,0.339015
15.823409,0.42829,0.335229
0.36778,0.428393,0.354367
0.249776,0.42855,0.371966
0.641823,0.427896,0.381521
0.558631,0.429097,0.359463
53.830728,0.466962,0.367466
0.29457,0.437694,0.361094
0.2483,0.428127,0.364445
0.33918,0.420012,0.335943
0.271119,0.422206,0.329373
0.383299,0.425186,0.379556
0.261517,0.45011,0.335366
0.325104,0.424957,0.339836
0.293386,0.426023,0.329858
12.75465,0.452069,0.329717
0.496484,0.424239,0.362925
0.527313,0.424844,0.33495
0.277954,0.426921,0.363141
0.212712,0.4274,0.363411
0.213508,0.426953,0.366609
0.166243,0.4233,0.36916
0.255389,0.426248,0.362056
0.343026,0.422662,0.330212
0.398596,0.423548,0.368563
0.411268,0.423677,0.334203
0.228653,0.422234,0.325562
0.324712,0.424151,0.331514
0.557911,0.420156,0.327181
0.487476,0.427855,0.365648
0.461639,0.424739,0.335857
0.245392,0.423514,0.335282
0.235961,0.424694,0.332446
0.727811,0.450944,0.333797
0.180412,0.45138,0.341885
0.347432,0.419109,0.339657
0.407089,0.426564,0.36649
0.498474,0.42436,0.373515
0.214261,0.424995,0.365019
0.434146,0.422923,0.329558
0.390353,0.425594,0.364051
0.164759,0.422377,0.361446
0.793074,0.421024,0.330848
0.675495,0.42437,0.332735
0.366418,0.426189,0.365145
0.265902,0.450859,0.3285
0.711068,0.422961,0.352426
0.31031,0.425951,0.380289
0.215232,0.423636,0.365203
0.239796,0.425441,0.363414
0.380309,0.447281,0.382973
0.332553,0.424182,0.338854
0.388157,0.449546,0.33371
0.467767,0.426231,0.36577
0.2181,0.428214,0.36374
0.247785,0.427887,0.371201
0.21302,0.455937,0.331684
0.219084,0.456014,0.327915
0.394191,0.427018,0.343768
0.347848,0.429807,0.37457
0.364656,0.422962,0.334624
11.714461,0.515423,0.376288
0.398647,0.458808,0.367067
0.439053,0.475952,0.389261
0.423698,0.494805,0.354556
0.407122,0.435098,0.379366
0.277876,0.457853,0.327217
0.923613,0.450609,0.397584
0.444477,0.424792,0.344576
0.342161,0.439493,0.378816
0.2549,0.455778,0.331962
0.452823,0.440384,0.350948
0.304173,0.448612,0.369594
0.260571,0.446602,0.376263
0.417682,0.428204,0.341791
0.19785,0.422363,0.335182
0.411094,0.43429,0.384173
0.516293,0.428486,0.391875
0.220735,0.424641,0.377797
0.391189,0.428756,0.345806
4.780153,0.433249,0.369806
0.338911,0.435593,0.332415
0.283836,0.42685,0.339773
0.363879,0.429794,0.450287
0.962386,0.429509,0.375369
0.177952,0.433447,0.337807
0.375603,0.456132,0.353945
0.206182,0.451561,0.336465
0.272057,0.42511,0.326933
0.23853,0.425006,0.328193
0.273928,0.425229,0.333515
1.453764,0.430801,0.340895
0.46949,0.423571,0.332933
0.416521,0.429137,0.364429
0.226637,0.431714,0.371976
0.265065,0.45445,0.335828
0.496622,0.431497,0.374406
0.212435,0.426232,0.374502
0.219142,0.429084,0.369195
0.220908,0.427665,0.368921
0.802556,0.428286,0.331594
0.269701,0.429007,0.337619
0.409839,0.453797,0.340769
0.280535,0.425119,0.335352
0.389635,0.428745,0.333318
0.458992,0.426238,0.335684
1.128697,0.431288,0.34089
0.537669,0.42193,0.327029
0.414241,0.427461,0.333332
0.489565,0.423056,0.337547
0.423787,0.429048,0.36243
0.366231,0.422873,0.345332
0.339127,0.429,0.335533
1.783769,0.429818,0.369273
0.464431,0.426917,0.347973
0.303159,0.430288,0.348835
0.245903,0.428193,0.33664
0.228036,0.426561,0.379705
0.432611,0.425283,0.329765
0.499996,0.45695,0.355216
2.26043,0.488517,0.373803
0.266805,0.49247,0.382602
0.384979,0.429277,0.350174
0.429453,0.435096,0.380119
0.278742,0.460589,0.342165
0.468434,0.432691,0.373023
0.290863,0.44186,0.367539
0.221414,0.434005,0.38368
0.293615,0.462991,0.351336
0.201404,0.457886,0.32518
0.267103,0.435555,0.331385
0.325922,0.442311,0.345523
0.404404,0.428153,0.366556
0.287693,0.457227,0.346202
0.39262,0.42924,0.352864
0.537126,0.432862,0.33817
0.813325,0.439628,0.365897
0.194118,0.436873,0.377201
0.391295,0.427511,0.343484
0.237144,0.443687,0.336326
0.322388,0.427158,0.360014
1.114118,0.45498,0.38323
0.343805,0.426293,0.327929
0.398619,0.429667,0.333467
0.242296,0.42539,0.377516
0.217394,0.42795,0.382712
0.32911,0.448427,0.325749
0.390303,0.43189,0.337362
0.347043,0.433687,0.389341
0.271289,0.533523,0.336163
0.304924,0.420696,0.330486
0.351474,0.421348,0.334335
0.456467,0.429245,0.332234
0.379128,0.466936,0.338741
0.553977,0.423028,0.366456
0.20534,0.44643,0.334262
0.430305,0.419868,0.32485
0.229239,0.420412,0.33036
0.248853,0.418394,0.33722
0.238847,0.421733,0.327843
0.294418,0.421843,0.362626
0.228467,0.420126,0.362872
4.71329,0.451606,0.336433
0.347914,0.417577,0.339481
0.233545,0.415102,0.327428
0.299776,0.423888,0.329728
0.316244,0.420235,0.369742
0.283604,0.453551,0.33742
0.255843,0.427932,0.338056
0.267819,0.428512,0.352844
0.380671,0.421892,0.329172
0.385765,0.424855,0.37704
0.287333,0.450298,0.337445
0.284406,0.423603,0.334374
0.46769,0.422794,0.35979
0.242576,0.488461,0.326254
0.416596,0.420764,0.331056
0.398459,0.448388,0.328081
0.446469,0.417764,0.333354
0.324068,0.421105,0.373858
0.272884,0.444364,0.326125
0.281778,0.418696,0.33208
0.247546,0.427145,0.335683
0.609844,0.418225,0.336356
0.299977,0.427101,0.356401
0.26413,0.445888,0.344905
0.25915,0.429026,0.346571
0.256477,0.430199,0.339038
0.834588,0.419223,0.33384
0.298804,0.435127,0.328787
0.278383,0.43187,0.343873
0.518639,0.422115,0.330779
0.237704,0.41656,0.335176
0.272828,0.414496,0.350968
0.308546,0.413891,0.326929
0.43586,0.420815,0.35993
1.402942,0.423292,0.3511
0.421953,0.434646,0.338852
0.399242,0.456967,0.327557
0.334501,0.435039,0.345214
1.167539,0.423986,0.369256
0.184428,0.421379,0.368197
0.280995,0.422843,0.368797
0.202189,0.427335,0.371963
0.480096,0.438331,0.363104
0.351005,0.425985,0.372067
0.218283,0.457782,0.341552
0.341022,0.423695,0.338578
0.736346,0.430531,0.365836
0.29215,0.422136,0.36501
0.252891,0.451786,0.326916
0.247107,0.425234,0.341522
0.41573,0.424442,0.327768
0.229819,0.421986,0.34803
0.469722,0.426585,0.334914
0.255146,0.425273,0.331725
0.506469,0.426759,0.36041
2.495594,0.422903,0.364042
0.472705,0.420646,0.331813
0.294995,0.430837,0.369471
0.224238,0.421873,0.461023
0.269324,0.557215,0.396543
0.243713,0.535963,0.346773
0.225349,0.457588,0.356057
0.243979,0.500821,0.354914
0.335185,0.465078,0.374977
0.363128,0.437457,0.345918
0.209574,0.423126,0.339322
0.405589,0.427693,0.37467
0.203857,0.430347,0.376417
0.221419,0.432108,0.37815
0.390142,0.435572,0.340769
0.300934,0.498212,0.350754
0.78345,0.432141,0.367785
0.430968,0.419652,0.331829
0.24024,0.420424,0.334793
0.426196,0.434576,0.372414
0.379044,0.423969,0.349939
4.757668,0.42953,0.37381
0.205011,0.422957,0.361392
0.293778,0.420369,0.326014
0.460674,0.421219,0.36141
0.195358,0.418346,0.369372
0.485029,0.428169,0.335435
0.324589,0.423149,0.334166
0.339773,0.442761,0.36911
0.489072,0.428603,0.36751
0.450244,0.423477,0.346416
0.386005,0.428154,0.336195
0.22987,0.424091,0.336515
0.296871,0.420852,0.381497
0.556132,0.427581,0.368192
0.400181,0.433306,0.352328
0.503648,0.448543,0.352009
1.43298,0.436485,0.335828
0.290401,0.421263,0.33108
0.364713,0.432626,0.335656
0.56122,0.459593,0.32762
0.294354,0.426372,0.327021
0.253832,0.420465,0.334948
0.58346,0.42111,0.337506
0.46265,0.438262,0.36709
0.346686,0.421755,0.329022
0.310828,0.429062,0.331577
0.660089,0.433624,0.333448
0.582976,0.421512,0.336906
0.565753,0.42009,0.330227
0.448329,0.433438,0.379845
0.451583,0.433687,0.334457
0.244781,0.429161,0.342395
0.198366,0.426491,0.330041
0.297331,0.436665,0.338006
0.411613,0.437397,0.37184
0.407652,0.427124,0.345244
0.274641,0.434334,0.340736
0.346639,0.46139,0.374452
0.384697,0.427487,0.3364
0.822553,0.440182,0.341307
0.226331,0.443749,0.372656
0.340937,0.442536,0.392456
0.264067,0.440807,0.362071
0.518127,0.43428,0.335409
2.451845,0.439706,0.348497
0.434385,0.432469,0.347547
0.316507,0.43559,0.371824
0.438695,0.440675,0.332639
0.23733,0.428036,0.347392
0.275867,0.435923,0.335246
0.454622,0.451193,0.357784
0.219007,0.46394,0.35623
0.426632,0.427655,0.349794
0.535387,0.424166,0.328862
0.517248,0.42555,0.33108
0.404653,0.426976,0.338214
0.231677,0.425746,0.330658
0.355228,0.424763,0.380136
0.31714,0.434431,0.343339
0.457669,0.435426,0.376763
0.621989,0.437904,0.384246
0.250426,0.432388,0.381107
0.502564,0.425453,0.335613
0.258654,0.503747,0.368207
0.22649,0.423993,0.370512
0.203933,0.428337,0.371877
0.683961,0.49758,0.34561
0.188015,0.425678,0.374665
0.340184,0.461371,0.363457
0.411145,0.43998,0.333044
0.728923,0.43132,0.374303
0.484047,0.449924,0.335704
0.393311,0.425573,0.367992
0.240942,0.426186,0.362745
0.280833,0.447275,0.338662
0.28283,0.423533,0.327329
0.548288,0.448468,0.326738
0.173985,0.451267,0.340759
0.207407,0.454096,0.334675
0.233744,0.458093,0.331541
0.579072,0.454532,0.368191
0.384024,0.432868,0.329503
0.317536,0.430136,0.364021
0.357497,0.42987,0.371625
0.379613,0.462808,0.340174
0.356974,0.428072,0.348466
0.282172,0.423393,0.367288
0.288689,0.42737,0.338314
0.581232,0.426424,0.338001
0.405756,0.451955,0.328598
0.250366,0.450873,0.337086
0.374088,0.427568,0.331168
0.457113,0.450612,0.330681
0.310131,0.425405,0.336464
0.436981,0.42487,0.380061
0.215533,0.456511,0.389534
0.478024,0.432155,0.339101
0.271827,0.42757,0.334308
0.516246,0.43136,0.330815
0.479676,0.431202,0.367983
0.335635,0.429646,0.335545
4.946266,0.432137,0.32935
0.507337,0.422748,0.326884
4.216346,0.425655,0.341266
0.270952,0.437241,0.336509
0.280308,0.431368,0.341991
0.241552,0.428966,0.334763
0.336739,0.453748,0.36004
0.376539,0.456897,0.348178
0.241242,0.434677,0.34371
64.611273,0.439683,0.339351
0.426644,0.433701,0.378407
0.364792,0.431912,0.342282
0.268317,0.444152,0.339522
0.343018,0.445295,0.35841
0.275705,0.44322,0.355817
0.433467,0.479489,0.345304
0.291234,0.483687,0.337013
0.901287,0.526658,0.545356
0.256208,0.43838,0.330478
0.234202,0.431885,0.339492
0.493208,0.471566,0.339913
0.233671,0.477315,0.345049
0.23287,0.442136,0.381831
0.384553,0.438522,0.4444
0.899892,0.439976,0.469386
0.24369,0.457641,0.385939
0.357805,0.474348,0.353071
0.315573,0.435968,0.348297
0.544357,0.457484,0.346492
0.400064,0.429918,0.369095
0.33802,0.445705,0.34958
0.236707,0.458147,0.359333
0.27754,0.432768,0.340119
0.248997,0.436261,0.363627
0.275436,0.444635,0.366946
0.358822,0.44046,0.344697
0.256693,0.438339,0.33987
0.248772,0.436368,0.333366
0.453342,0.429708,0.369514
0.293842,0.461026,0.344282
0.497412,0.436197,0.345255
0.308726,0.458167,0.343597
0.230936,0.439287,0.340888
0.41483,0.432219,0.387918
0.346035,0.431058,0.354216
0.188655,0.472105,0.343399
0.38558,0.440848,0.344275
0.328745,0.434022,0.333361
0.322174,0.442026,0.350381
0.415741,0.465031,0.343856
0.242944,0.467624,0.351776
0.18819,0.434138,0.377324
0.548498,0.443063,0.366436
0.35509,0.431532,0.389174
0.416089,0.433951,0.331954
0.671647,0.439764,0.340445
0.251442,0.431092,0.332875
0.378531,0.464653,0.3657
0.343535,0.430651,0.382425
0.686178,0.436641,0.439591
0.264393,0.491387,0.378782
0.307071,0.456046,0.3833
0.228789,0.440477,0.380087
0.279899,0.43423,0.3797
0.37642,0.455789,0.423237
0.294266,0.443447,0.346424
0.271293,0.433007,0.336866
1.492631,0.435917,0.338044
0.475949,0.440577,0.374021
0.188754,0.444368,0.345194
0.539076,0.475677,0.36432
0.282876,0.488188,0.344624
0.435974,0.445836,0.345617
0.630118,0.473803,0.356998
0.373111,0.445978,0.391989
0.260806,0.464008,0.340555
0.255235,0.462607,0.357373
0.239924,0.443887,0.34145
0.360739,0.440585,0.345805
0.240248,0.456874,0.351447
0.35816,0.47447,0.358834
0.233647,0.450313,0.341005
0.289483,0.451484,0.34049
0.479245,0.487611,0.366341
0.588748,0.434221,0.378012
0.270891,0.433727,0.367788
0.383666,0.43684,0.353918
0.281871,0.445435,0.330332
0.425458,0.452026,0.347702
0.546239,0.468876,0.375478
0.255058,0.46982,0.38709
0.397167,0.43863,0.336187
0.261745,0.442515,0.358406
0.425154,0.451564,0.364647
0.824335,0.460906,0.385279
0.427711,0.44193,0.364505
0.529294,0.461283,0.412661
0.380428,0.444964,0.354629
0.317956,0.438606,0.351375
0.312496,0.445699,0.362891
0.315095,0.445975,0.378585
0.488465,0.473996,0.347092
0.2214,0.49994,0.335778
0.39019,0.427617,0.333583
0.823576,0.442072,0.466573
0.223913,0.463937,0.355763
0.254609,0.450893,0.359115
0.244855,0.4488,0.360415
0.447575,0.475452,0.344369
0.560822,0.453299,0.414275
0.359792,0.504556,0.48646
0.332928,0.454163,0.331295
0.282396,0.431266,0.341815
0.267089,0.435435,0.333711
0.518378,0.437317,0.384874
0.560685,0.455468,0.375817
1.631805,0.431063,0.399297
0.246469,0.435924,0.352336
0.223606,0.516771,0.358202
0.326187,0.432398,0.343126
1.731799,0.452385,0.400783
0.333021,0.48921,0.359119
0.485052,0.482142,0.399231
0.438681,0.456256,0.443663
0.224517,0.476216,0.368222
0.355699,0.442575,0.399565
0.229899,0.445654,0.426706
0.214643,0.457614,0.3577
0.23766,0.481365,0.372725
0.284212,0.428805,0.388976
0.321421,0.441859,0.368484
0.27148,0.45435,0.340932
0.344531,0.591484,0.361374
0.264625,0.442536,0.340814
0.467532,0.443065,0.37296
0.377542,0.445715,0.36479
0.556463,0.499152,0.373569
0.468611,0.435142,0.3361
0.357747,0.442708,0.365381
0.386808,0.459128,0.407727
0.28703,0.459166,0.408337
1.17815,0.455304,0.353849
0.541803,0.464349,0.341283
0.338689,0.458903,0.340196
0.246057,0.481748,0.3614
0.254756,0.466567,0.353365
0.24672,0.478156,0.348172
0.210141,0.432179,0.384005
0.285357,0.431734,0.367125
0.370595,0.431219,0.336967
0.459133,0.441093,0.433968
0.228145,0.448986,0.35043
0.400865,0.427693,0.377067
0.655266,0.429279,0.372755
0.238051,0.428592,0.367161
0.364929,0.430956,0.367382
0.285322,0.459629,0.331612
0.360604,0.427331,0.327873
0.369898,0.428613,0.332013
0.244075,0.425457,0.328304
0.234876,0.425345,0.330063
0.396956,0.429534,0.33047
0.329689,0.429288,0.335542
0.453753,0.461314,0.337445
0.319882,0.438946,0.342374
0.48977,0.432751,0.332111
0.510446,0.425609,0.342884
0.730538,0.452002,0.335688
0.239682,0.44267,0.342423
0.216959,0.499847,0.398948
0.366012,0.434765,0.354429
0.345737,0.474798,0.3948
0.549199,0.491375,0.455387
0.50765,0.434947,0.340776
0.235534,0.427021,0.330556
0.332718,0.426738,0.343019
0.276168,0.427704,0.332162
0.260323,0.427208,0.332272
17.774117,0.487263,0.402382
0.222793,0.473773,0.34297
0.287962,0.430021,0.342005
0.419016,0.441839,0.371762
0.361262,0.48243,0.386493
0.265161,0.564994,0.363971
0.459047,0.480386,0.348497
0.331912,0.468307,0.371632
0.302865,0.452093,0.359825
0.295428,0.531387,0.356147
0.229353,0.465088,0.350281
0.239745,0.479523,0.358598
0.381934,0.445382,0.365182
0.364402,0.446209,0.365746
0.232866,0.467731,0.349476
0.270968,0.478373,0.352746
0.262927,0.45877,0.342776
0.28488,0.43491,0.34263
0.496583,0.445047,0.343264
0.4231,0.441724,0.402179
0.644841,0.444535,0.428404
0.221468,0.448261,0.379002
0.562102,0.464488,0.365844
0.334253,0.475685,0.342791
0.539876,0.474062,0.398477
0.289707,0.440018,0.37496
2.425229,0.434861,0.371369
0.316293,0.445208,0.344108
0.523644,0.434232,0.395287
0.328864,0.494386,0.352324
0.651917,0.433745,0.349571
1.938873,0.43732,0.332512
0.375585,0.429631,0.344237
0.350276,0.429369,0.33821
0.280081,0.431995,0.329021
1.704221,0.4371,0.370705
0.315999,0.43749,0.332501
1.457237,0.465572,0.332002
0.634101,0.432187,0.370758
0.340734,0.452589,0.349372
0.650973,0.460611,0.340761
0.39593,0.448904,0.374721
0.273847,0.438627,0.346382
0.336276,0.435597,0.349992
0.349636,0.428346,0.345573
0.282558,0.430097,0.34181
0.331522,0.428204,0.37918
0.276667,0.430159,0.367054
0.38067,0.427193,0.340314
0.22935,0.454963,0.336467
0.456561,0.432418,0.331506
0.786058,0.450737,0.373372
0.261199,0.447187,0.413798
0.739441,0.433307,0.356305
0.311713,0.432752,0.342947
0.410774,0.443647,0.390678
0.318891,0.483066,0.340317
0.259457,0.474547,0.330385
1.692571,0.436099,0.363639
0.232922,0.431876,0.333761
0.250889,0.428103,0.333375
0.24766,0.431001,0.331567
0.271723,0.430248,0.331618
0.410125,0.434692,0.33702
0.381421,0.430276,0.336771
0.464116,0.429751,0.337427
0.217086,0.432468,0.367353
0.210137,0.428087,0.381343
0.452461,0.427252,0.333016
0.44881,0.427558,0.337301
0.512963,0.428121,0.334959
0.221731,0.426731,0.332988
0.7697,0.429313,0.338569
0.356659,0.481221,0.328899
0.51005,0.478361,0.349388
0.502099,0.458162,0.364529
1.617269,0.449707,0.368456
0.236968,0.448062,0.357345
0.243848,0.43796,0.338649
3.612567,0.459149,0.416242
0.28627,0.438445,0.397639
0.214019,0.446941,0.384061
1.492731,0.435244,0.390874
0.232265,0.441986,0.346481
0.323954,0.454174,0.380647
0.218814,0.438873,0.374974
0.335314,0.433253,0.3465
0.247627,0.430697,0.354955
0.418803,0.455103,0.385779
0.271795,0.451015,0.387734
0.282655,0.441968,0.45678
0.232348,0.444606,0.39118
0.257233,0.485304,0.477138
0.476571,0.43506,0.336184
0.249858,0.440221,0.453816
0.606795,0.522744,0.583165
0.173452,0.442456,0.34622
0.378898,0.445721,0.367858
0.384117,0.441903,0.394089
0.479988,0.467683,0.346812
0.242576,0.457003,0.357952
1.845313,0.434867,0.339833
0.256882,0.436699,0.348461
0.253358,0.430547,0.336471
0.265607,0.436243,0.336194
2.039179,0.434275,0.370322
0.218307,0.433715,0.380067
0.533802,0.434872,0.348369
0.2408,0.435,0.331845
0.657356,0.452302,0.367699
0.558751,0.435343,0.386841
0.224038,0.443723,0.341157
0.235797,0.453769,0.346633
0.290679,0.451897,0.4168
0.397667,0.492844,0.40144
0.264247,0.459554,0.382792
0.230766,0.455963,0.384537
0.286197,0.442822,0.386216
0.224866,0.428405,0.348745
0.277992,0.435376,0.369663
0.466396,0.441212,0.353066
0.222125,0.45995,0.393997
0.282287,0.43013,0.474805
0.431298,0.451201,0.350732
0.453549,0.485352,0.356607
0.282847,0.434887,0.383065
1.145512,0.447243,0.376714
0.234893,0.436688,0.458546
0.275782,0.432492,0.341497
0.258535,0.43603,0.39491
0.325315,0.520277,0.384759
0.343557,0.425183,0.327813
0.304448,0.426361,0.327414
0.381741,0.42695,0.345617
0.414712,0.454906,0.346024
0.396502,0.428132,0.332764
0.591137,0.426571,0.351535
0.324738,0.421489,0.339649
0.225271,0.422367,0.332002
0.489134,0.426043,0.329273
1.458284,0.427738,0.337401
0.250804,0.425044,0.338337
0.29635,0.429618,0.330979
0.258266,0.427281,0.337144
1.139189,0.422797,0.326147
0.372337,0.425215,0.364557
0.205027,0.422141,0.337347
0.317889,0.425382,0.33578
1.757246,0.423818,0.337177
0.239856,0.424453,0.327411
0.575404,0.42441,0.332361
0.459191,0.422365,0.327062
746.939933,0.45855,0.335813
0.474645,0.431615,0.330642
0.311078,0.427588,0.335426
0.39473,0.439379,0.385765
0.25477,0.427637,0.438371
0.438356,0.499664,0.350915
0.31307,0.454107,0.338222
0.254877,0.432968,0.330992
0.389386,0.431538,0.363906
0.36196,0.442379,0.343788
0.339946,0.434188,0.385369
0.399529,0.435053,0.383936
0.403132,0.448535,0.348408
2.536869,0.435038,0.342333
0.586196,0.577814,0.348137
0.325102,0.431175,0.338879
0.285548,0.432862,0.335748
0.334748,0.440217,0.337317
0.364019,0.461912,0.364451
0.411085,0.459645,0.336463
0.272414,0.422856,0.328881
0.581121,0.430263,0.348736
0.341507,0.432156,0.344387
0.290137,0.429222,0.42568
0.31044,0.465948,0.345073
0.245966,0.428836,0.329059
0.522804,0.441838,0.348542
0.336734,0.43271,0.336183
0.204341,0.426575,0.329207
0.234685,0.428312,0.334453
0.265253,0.426057,0.342503
0.782774,0.432336,0.333444
0.69288,0.430138,0.33961
0.221966,0.430198,0.327678
0.208954,0.426183,0.332995
0.547359,0.426635,0.366003
0.46819,0.426137,0.336482
0.277169,0.425988,0.352412
3.509923,0.427477,0.334584
0.462671,0.426563,0.344672
0.227926,0.428508,0.337718
0.237954,0.431839,0.330225
0.338055,0.42872,0.337861
0.444573,0.429688,0.361705
0.482179,0.430849,0.334358
0.383719,0.429009,0.344237
0.235305,0.42652,0.326592
0.267448,0.429185,0.330321
0.613558,0.425688,0.345888
0.246751,0.426005,0.333192
0.260573,0.426488,0.328196
0.189225,0.425008,0.368304
0.230035,0.423989,0.379669
0.48396,0.429497,0.332404
0.3671,0.424658,0.337244
0.281611,0.429125,0.324245
0.926385,0.427719,0.334204
0.21452,0.424606,0.368442
0.393159,0.42478,0.408479
0.256623,0.426089,0.332656
0.458416,0.427186,0.333215
0.358398,0.430338,0.334844
0.25248,0.429558,0.331367
0.262302,0.426616,0.330054
0.28642,0.42819,0.333865
0.580987,0.424682,0.329869
0.318215,0.426752,0.340096
0.371769,0.429543,0.347824
0.534106,0.42443,0.329838
0.330154,0.425598,0.330478
0.276448,0.423879,0.336313
0.271657,0.422983,0.334806
0.277935,0.425288,0.329421
0.344274,0.426089,0.330466
0.237429,0.426209,0.326147
45.017715,0.426705,0.324889
0.3104,0.425715,0.345475
0.389751,0.425735,0.343379
0.304266,0.427774,0.336245
0.261293,0.428591,0.328997
0.276397,0.428166,0.334309
0.272543,0.427738,0.335179
0.232814,0.424341,0.333889
0.973536,0.428019,0.3624
0.314604,0.430794,0.337597
0.482566,0.426041,0.328796
0.282464,0.426254,0.33169
0.29449,0.427732,0.328687
0.237646,0.427675,0.360646
0.439755,0.427775,0.333896
0.280177,0.426687,0.41272
0.215958,0.424584,0.333863
1.162142,0.425951,0.328302
0.332777,0.427021,0.333577
0.226359,0.424785,0.332112
0.2919,0.426386,0.334001
0.425482,0.428907,0.331692
0.345977,0.430093,0.329361
0.231815,0.426237,0.336536
0.402822,0.430032,0.333637
0.291713,0.428833,0.338051
0.26706,0.426356,0.332236
0.302689,0.427087,0.331531
0.787074,0.430503,0.372793
1.050584,0.430531,0.330626
0.273889,0.432276,0.328558
0.229499,0.426841,0.328872
0.409214,0.426427,0.330716
0.522177,0.424942,0.334326
0.238291,0.424393,0.336196
0.388702,0.426734,0.346341
0.234078,0.4231,0.333824
0.406747,0.428632,0.339716
0.28471,0.508793,0.328868
0.391213,0.429219,0.347335
0.510541,0.428356,0.348623
0.508944,0.426233,0.363602
0.250742,0.429799,0.331549
0.255833,0.428138,0.327818
0.28095,0.428899,0.330768
0.43024,0.430272,0.364086
0.391423,0.426395,0.329758
0.230938,0.455886,0.328019
0.288372,0.458119,0.330699
0.200456,0.429255,0.364568
0.206345,0.424575,0.337712
0.359409,0.426184,0.383032
0.314231,0.455087,0.340361
0.476766,0.425235,0.325988
0.502123,0.456936,0.328555
0.214544,0.423904,0.375434
0.215891,0.425879,0.335822
0.20002,0.42768,0.329329
0.61786,0.426492,0.326513
0.343078,0.42679,0.343722
0.21772,0.427457,0.328282
2.878367,0.428437,0.332574
1.169017,0.428947,0.337522
0.396296,0.427997,0.37691
0.213021,0.42885,0.328965
0.263332,0.426377,0.327551
0.307623,0.430305,0.33965
0.250394,0.429012,0.329318
0.396005,0.425873,0.344613
0.248994,0.425515,0.335751
0.57423,0.428851,0.33299
0.317321,0.42732,0.343791
0.317365,0.431301,0.338178
0.263074,0.428467,0.331521
0.450582,0.42816,0.334635
0.272957,0.428704,0.327278
0.459762,0.460176,0.333307
0.349245,0.42819,0.342876
0.425341,0.427892,0.34188
0.564317,0.428112,0.330558
0.332048,0.423975,0.335246
0.472159,0.427202,0.325846
0.287099,0.425251,0.367677
0.498567,0.455504,0.327807
0.261006,0.428222,0.35852
0.417695,0.424908,0.333738
0.461186,0.4269,0.330697
0.243651,0.429857,0.331685
0.380814,0.429281,0.334845
0.294752,0.427802,0.334292
2.198065,0.432237,0.329772
0.266941,0.427092,0.332588
0.321343,0.430309,0.332547
0.688602,0.429877,0.332103
0.314448,0.429281,0.335446
0.321994,0.427864,0.331312
0.483047,0.429465,0.362408
0.292721,0.430558,0.363371
0.210346,0.429936,0.331453
0.240708,0.426247,0.33291
0.317405,0.429543,0.327471
0.244063,0.42725,0.333955
0.267745,0.430155,0.329385
0.391007,0.43005,0.324778
0.260109,0.429568,0.325188
0.401442,0.507493,0.330022
0.406031,0.427843,0.363017
0.37107,0.428641,0.330412
0.364093,0.427738,0.326596
0.500655,0.426533,0.374923
0.425803,0.425612,0.334182
0.22085,0.457942,0.327316
0.457812,0.428685,0.332619
0.413619,0.426729,0.330183
1.102282,0.429009,0.334288
0.260875,0.427948,0.326342
0.257197,0.428173,0.333993
0.483161,0.425651,0.360419
0.256003,0.427547,0.373391
0.431356,0.428921,0.329361
0.286301,0.426926,0.330876
0.183424,0.42633,0.370756
0.449196,0.427242,0.330447
0.321343,0.430943,0.32986
3.833573,0.427888,0.332092
0.205026,0.539603,0.333985
0.326883,0.427547,0.328915
0.49771,0.428421,0.333396
0.273993,0.426736,0.326645
0.372638,0.426058,0.340119
0.510286,0.423819,0.325165
1.39572,0.427629,0.359696
1.094743,0.45385,0.336827
